Instagram Versions,APP Version,Date
280.0.0.18.114,368008414,"April 26, 2023"
280.0.0.18.114,368008414,"April 26, 2023"
280.0.0.18.114,368008415,"April 26, 2023"
280.0.0.18.114,368008447,"April 26, 2023"
280.0.0.18.114,368008450,"April 26, 2023"
280.0.0.18.114,368008456,"April 26, 2023"
280.0.0.18.114,368008461,"April 26, 2023"
280.0.0.18.114,368008464,"April 26, 2023"
280.0.0.18.114,368008465,"April 26, 2023"
280.0.0.18.114,368008466,"April 26, 2023"
280.0.0.18.114,368008467,"April 26, 2023"
280.0.0.18.114,368008468,"April 26, 2023"
280.0.0.18.114,368008470,"April 26, 2023"
280.0.0.18.114,368008471,"April 26, 2023"
280.0.0.18.114,368008472,"April 26, 2023"
280.0.0.18.114,368008473,"April 26, 2023"
280.0.0.18.114,368008474,"April 26, 2023"
280.0.0.18.114,368008475,"April 26, 2023"
280.0.0.18.114,368008476,"April 26, 2023"
280.0.0.18.114,368008477,"April 26, 2023"
279.0.0.23.112,367908817,"April 19, 2023"
279.0.0.23.112,367908820,"April 19, 2023"
279.0.0.23.112,367908821,"April 19, 2023"
279.0.0.23.112,367908826,"April 19, 2023"
279.0.0.23.112,367908853,"April 19, 2023"
279.0.0.23.112,367908856,"April 19, 2023"
279.0.0.23.112,367908862,"April 19, 2023"
279.0.0.23.112,367908867,"April 19, 2023"
279.0.0.23.112,367908870,"April 19, 2023"
279.0.0.23.112,367908871,"April 19, 2023"
279.0.0.23.112,367908872,"April 19, 2023"
279.0.0.23.112,367908873,"April 19, 2023"
279.0.0.23.112,367908874,"April 19, 2023"
279.0.0.23.112,367908876,"April 19, 2023"
279.0.0.23.112,367908877,"April 19, 2023"
279.0.0.23.112,367908878,"April 19, 2023"
279.0.0.23.112,367908879,"April 19, 2023"
279.0.0.23.112,367908880,"April 19, 2023"
279.0.0.23.112,367908881,"April 19, 2023"
279.0.0.23.112,367908882,"April 19, 2023"
279.0.0.23.112,367908883,"April 19, 2023"
278.0.0.21.117,367809418,"April 11, 2023"
278.0.0.21.117,367809419,"April 11, 2023"
278.0.0.21.117,367809420,"April 11, 2023"
278.0.0.21.117,367809424,"April 11, 2023"
278.0.0.21.117,367809454,"April 11, 2023"
278.0.0.21.117,367809455,"April 11, 2023"
278.0.0.21.117,367809460,"April 11, 2023"
278.0.0.21.117,367809465,"April 11, 2023"
278.0.0.21.117,367809468,"April 11, 2023"
278.0.0.21.117,367809469,"April 11, 2023"
278.0.0.21.117,367809470,"April 11, 2023"
278.0.0.21.117,367809471,"April 11, 2023"
278.0.0.21.117,367809472,"April 11, 2023"
278.0.0.21.117,367809474,"April 11, 2023"
278.0.0.21.117,367809475,"April 11, 2023"
278.0.0.21.117,367809476,"April 11, 2023"
278.0.0.21.117,367809477,"April 11, 2023"
278.0.0.21.117,367809478,"April 11, 2023"
278.0.0.21.117,367809479,"April 11, 2023"
278.0.0.21.117,367809480,"April 11, 2023"
278.0.0.21.117,367809481,"April 11, 2023"
278.0.0.21.117,367908496,"April 11, 2023"
277.0.0.17.107,367708092,"April 5, 2023"
277.0.0.17.107,367708126,"April 5, 2023"
277.0.0.17.107,367708127,"April 5, 2023"
277.0.0.17.107,367708132,"April 5, 2023"
277.0.0.17.107,367708133,"April 5, 2023"
277.0.0.17.107,367708137,"April 5, 2023"
277.0.0.17.107,367708140,"April 5, 2023"
277.0.0.17.107,367708141,"April 5, 2023"
277.0.0.17.107,367708142,"April 5, 2023"
277.0.0.17.107,367708143,"April 5, 2023"
277.0.0.17.107,367708144,"April 5, 2023"
277.0.0.17.107,367708146,"April 5, 2023"
277.0.0.17.107,367708147,"April 5, 2023"
277.0.0.17.107,367708148,"April 5, 2023"
277.0.0.17.107,367708149,"April 5, 2023"
277.0.0.17.107,367708150,"April 5, 2023"
277.0.0.17.107,367708151,"April 5, 2023"
277.0.0.17.107,367708152,"April 5, 2023"
277.0.0.17.107,367708153,"April 5, 2023"
276.1.0.26.103,367608432,"March 30, 2023"
276.1.0.26.103,367608433,"March 30, 2023"
276.1.0.26.103,367608438,"March 30, 2023"
276.1.0.26.103,367608468,"March 30, 2023"
276.1.0.26.103,367608474,"March 30, 2023"
276.1.0.26.103,367608475,"March 30, 2023"
276.1.0.26.103,367608479,"March 30, 2023"
276.1.0.26.103,367608482,"March 30, 2023"
276.1.0.26.103,367608483,"March 30, 2023"
276.1.0.26.103,367608484,"March 30, 2023"
276.1.0.26.103,367608485,"March 30, 2023"
276.1.0.26.103,367608486,"March 30, 2023"
276.1.0.26.103,367608488,"March 30, 2023"
276.1.0.26.103,367608489,"March 30, 2023"
276.1.0.26.103,367608490,"March 30, 2023"
276.1.0.26.103,367608491,"March 30, 2023"
276.1.0.26.103,367608492,"March 30, 2023"
276.1.0.26.103,367608493,"March 30, 2023"
276.1.0.26.103,367608494,"March 30, 2023"
276.1.0.26.103,367608495,"March 30, 2023"
276.1.0.26.103,367707091,"March 30, 2023"
276.1.0.26.103,367707363,"March 30, 2023"
276.1.0.26.103,367707839,"March 30, 2023"
276.1.0.26.103,367707907,"March 30, 2023"
275.0.0.27.98,367507832,"March 22, 2023"
275.0.0.27.98,367507833,"March 22, 2023"
275.0.0.27.98,367507868,"March 22, 2023"
275.0.0.27.98,367507870,"March 22, 2023"
275.0.0.27.98,367507874,"March 22, 2023"
275.0.0.27.98,367507875,"March 22, 2023"
275.0.0.27.98,367507879,"March 22, 2023"
275.0.0.27.98,367507882,"March 22, 2023"
275.0.0.27.98,367507883,"March 22, 2023"
275.0.0.27.98,367507884,"March 22, 2023"
275.0.0.27.98,367507885,"March 22, 2023"
275.0.0.27.98,367507886,"March 22, 2023"
275.0.0.27.98,367507888,"March 22, 2023"
275.0.0.27.98,367507889,"March 22, 2023"
275.0.0.27.98,367507890,"March 22, 2023"
275.0.0.27.98,367507891,"March 22, 2023"
275.0.0.27.98,367507892,"March 22, 2023"
275.0.0.27.98,367507893,"March 22, 2023"
275.0.0.27.98,367507894,"March 22, 2023"
275.0.0.27.98,367507895,"March 22, 2023"
275.0.0.27.98,367607093,"March 22, 2023"
275.0.0.27.98,367607569,"March 22, 2023"
275.0.0.27.98,367607909,"March 22, 2023"
275.0.0.27.98,367607969,"March 22, 2023"
275.0.0.27.98,367608163,"March 22, 2023"
275.0.0.27.98,367608385,"March 22, 2023"
274.0.0.26.90,367407420,"March 15, 2023"
274.0.0.26.90,367407422,"March 15, 2023"
274.0.0.26.90,367407426,"March 15, 2023"
274.0.0.26.90,367407427,"March 15, 2023"
274.0.0.26.90,367407428,"March 15, 2023"
274.0.0.26.90,367407457,"March 15, 2023"
274.0.0.26.90,367407458,"March 15, 2023"
274.0.0.26.90,367407467,"March 15, 2023"
274.0.0.26.90,367407470,"March 15, 2023"
274.0.0.26.90,367407471,"March 15, 2023"
274.0.0.26.90,367407472,"March 15, 2023"
274.0.0.26.90,367407473,"March 15, 2023"
274.0.0.26.90,367407474,"March 15, 2023"
274.0.0.26.90,367407476,"March 15, 2023"
274.0.0.26.90,367407477,"March 15, 2023"
274.0.0.26.90,367407478,"March 15, 2023"
274.0.0.26.90,367407479,"March 15, 2023"
274.0.0.26.90,367407480,"March 15, 2023"
274.0.0.26.90,367407481,"March 15, 2023"
274.0.0.26.90,367407482,"March 15, 2023"
274.0.0.26.90,367407483,"March 15, 2023"
274.0.0.26.90,367506629,"March 15, 2023"
274.0.0.26.90,367507513,"March 15, 2023"
274.0.0.26.90,367507649,"March 15, 2023"
273.1.0.16.72,367306375,"March 11, 2023"
273.1.0.16.72,367306378,"March 11, 2023"
273.1.0.16.72,367306379,"March 11, 2023"
273.1.0.16.72,367306380,"March 11, 2023"
273.1.0.16.72,367306381,"March 11, 2023"
273.1.0.16.72,367306382,"March 11, 2023"
273.1.0.16.72,367306384,"March 11, 2023"
273.1.0.16.72,367306385,"March 11, 2023"
273.1.0.16.72,367306386,"March 11, 2023"
273.1.0.16.72,367306387,"March 11, 2023"
273.1.0.16.72,367306388,"March 11, 2023"
273.1.0.16.72,367306389,"March 11, 2023"
273.1.0.16.72,367306390,"March 11, 2023"
273.1.0.16.72,367306391,"March 11, 2023"
273.0.0.16.72,367306260,"March 7, 2023"
273.0.0.16.72,367306261,"March 7, 2023"
273.0.0.16.72,367306266,"March 7, 2023"
273.0.0.16.72,367306267,"March 7, 2023"
273.0.0.16.72,367306296,"March 7, 2023"
273.0.0.16.72,367306303,"March 7, 2023"
273.0.0.16.72,367306307,"March 7, 2023"
273.0.0.16.72,367306310,"March 7, 2023"
273.0.0.16.72,367306311,"March 7, 2023"
273.0.0.16.72,367306312,"March 7, 2023"
273.0.0.16.72,367306313,"March 7, 2023"
273.0.0.16.72,367306314,"March 7, 2023"
273.0.0.16.72,367306316,"March 7, 2023"
273.0.0.16.72,367306317,"March 7, 2023"
273.0.0.16.72,367306318,"March 7, 2023"
273.0.0.16.72,367306319,"March 7, 2023"
273.0.0.16.72,367306320,"March 7, 2023"
273.0.0.16.72,367306321,"March 7, 2023"
273.0.0.16.72,367306322,"March 7, 2023"
273.0.0.16.72,367306323,"March 7, 2023"
272.0.0.16.73,367206737,"February 28, 2023"
272.0.0.16.73,367206738,"February 28, 2023"
272.0.0.16.73,367206742,"February 28, 2023"
272.0.0.16.73,367206743,"February 28, 2023"
272.0.0.16.73,367206772,"February 28, 2023"
272.0.0.16.73,367206773,"February 28, 2023"
272.0.0.16.73,367206778,"February 28, 2023"
272.0.0.16.73,367206779,"February 28, 2023"
272.0.0.16.73,367206783,"February 28, 2023"
272.0.0.16.73,367206786,"February 28, 2023"
272.0.0.16.73,367206787,"February 28, 2023"
272.0.0.16.73,367206788,"February 28, 2023"
272.0.0.16.73,367206789,"February 28, 2023"
272.0.0.16.73,367206790,"February 28, 2023"
272.0.0.16.73,367206792,"February 28, 2023"
272.0.0.16.73,367206793,"February 28, 2023"
272.0.0.16.73,367206794,"February 28, 2023"
272.0.0.16.73,367206795,"February 28, 2023"
272.0.0.16.73,367206796,"February 28, 2023"
272.0.0.16.73,367206797,"February 28, 2023"
272.0.0.16.73,367206798,"February 28, 2023"
272.0.0.16.73,367206799,"February 28, 2023"
272.0.0.16.73,367305396,"February 28, 2023"
272.0.0.16.73,367305397,"February 28, 2023"
272.0.0.16.73,367305804,"February 28, 2023"
272.0.0.16.73,367305805,"February 28, 2023"
272.0.0.16.73,367305933,"February 28, 2023"
272.0.0.16.73,367305941,"February 28, 2023"
272.0.0.16.73,367306137,"February 28, 2023"
272.0.0.16.73,367306144,"February 28, 2023"
272.0.0.16.73,367306145,"February 28, 2023"
271.1.0.21.84,367107552,"February 23, 2023"
271.1.0.21.84,367107553,"February 23, 2023"
271.1.0.21.84,367107584,"February 23, 2023"
271.1.0.21.84,367107586,"February 23, 2023"
271.1.0.21.84,367107588,"February 23, 2023"
271.1.0.21.84,367107589,"February 23, 2023"
271.1.0.21.84,367107590,"February 23, 2023"
271.1.0.21.84,367107594,"February 23, 2023"
271.1.0.21.84,367107595,"February 23, 2023"
271.1.0.21.84,367107602,"February 23, 2023"
271.1.0.21.84,367107605,"February 23, 2023"
271.1.0.21.84,367107606,"February 23, 2023"
271.1.0.21.84,367107608,"February 23, 2023"
271.1.0.21.84,367107612,"February 23, 2023"
271.1.0.21.84,367107613,"February 23, 2023"
271.1.0.21.84,367107614,"February 23, 2023"
271.1.0.21.84,367205737,"February 23, 2023"
271.1.0.21.84,367206213,"February 23, 2023"
271.1.0.21.84,367206553,"February 23, 2023"
270.2.0.24.82,367007552,"February 17, 2023"
270.2.0.24.82,367007559,"February 17, 2023"
270.2.0.24.82,367007584,"February 17, 2023"
270.2.0.24.82,367007588,"February 17, 2023"
270.2.0.24.82,367007589,"February 17, 2023"
270.2.0.24.82,367007594,"February 17, 2023"
270.2.0.24.82,367007602,"February 17, 2023"
270.2.0.24.82,367007605,"February 17, 2023"
270.2.0.24.82,367007606,"February 17, 2023"
270.2.0.24.82,367007608,"February 17, 2023"
270.2.0.24.82,367007612,"February 17, 2023"
270.2.0.24.82,367007613,"February 17, 2023"
270.2.0.24.82,367007614,"February 17, 2023"
270.2.0.24.82,367107097,"February 17, 2023"
270.0.0.23.82,367007416,"February 14, 2023"
270.0.0.23.82,367007423,"February 14, 2023"
270.0.0.23.82,367007452,"February 14, 2023"
270.0.0.23.82,367007453,"February 14, 2023"
270.0.0.23.82,367007458,"February 14, 2023"
270.0.0.23.82,367007459,"February 14, 2023"
270.0.0.23.82,367007463,"February 14, 2023"
270.0.0.23.82,367007466,"February 14, 2023"
270.0.0.23.82,367007467,"February 14, 2023"
270.0.0.23.82,367007469,"February 14, 2023"
270.0.0.23.82,367007470,"February 14, 2023"
270.0.0.23.82,367007472,"February 14, 2023"
270.0.0.23.82,367007476,"February 14, 2023"
270.0.0.23.82,367007477,"February 14, 2023"
270.0.0.23.82,367007478,"February 14, 2023"
269.0.0.18.75,366906275,"February 7, 2023"
269.0.0.18.75,366906281,"February 7, 2023"
269.0.0.18.75,366906332,"February 7, 2023"
269.0.0.18.75,366906333,"February 7, 2023"
269.0.0.18.75,366906339,"February 7, 2023"
269.0.0.18.75,366906357,"February 7, 2023"
269.0.0.18.75,366906360,"February 7, 2023"
269.0.0.18.75,366906361,"February 7, 2023"
269.0.0.18.75,366906362,"February 7, 2023"
269.0.0.18.75,366906363,"February 7, 2023"
269.0.0.18.75,366906364,"February 7, 2023"
269.0.0.18.75,366906366,"February 7, 2023"
269.0.0.18.75,366906367,"February 7, 2023"
269.0.0.18.75,366906368,"February 7, 2023"
269.0.0.18.75,366906369,"February 7, 2023"
269.0.0.18.75,366906370,"February 7, 2023"
269.0.0.18.75,366906371,"February 7, 2023"
269.0.0.18.75,366906372,"February 7, 2023"
269.0.0.18.75,366906373,"February 7, 2023"
269.0.0.18.75,367006484,"February 7, 2023"
269.0.0.18.75,367007164,"February 7, 2023"
268.0.0.18.72,366806329,"February 2, 2023"
268.0.0.18.72,366806334,"February 2, 2023"
268.0.0.18.72,366806335,"February 2, 2023"
268.0.0.18.72,366806361,"February 2, 2023"
268.0.0.18.72,366806365,"February 2, 2023"
268.0.0.18.72,366806370,"February 2, 2023"
268.0.0.18.72,366806371,"February 2, 2023"
268.0.0.18.72,366806372,"February 2, 2023"
268.0.0.18.72,366806375,"February 2, 2023"
268.0.0.18.72,366806378,"February 2, 2023"
268.0.0.18.72,366806379,"February 2, 2023"
268.0.0.18.72,366806380,"February 2, 2023"
268.0.0.18.72,366806381,"February 2, 2023"
268.0.0.18.72,366806382,"February 2, 2023"
268.0.0.18.72,366806384,"February 2, 2023"
268.0.0.18.72,366806385,"February 2, 2023"
268.0.0.18.72,366806386,"February 2, 2023"
268.0.0.18.72,366806387,"February 2, 2023"
268.0.0.18.72,366806388,"February 2, 2023"
268.0.0.18.72,366806389,"February 2, 2023"
268.0.0.18.72,366806390,"February 2, 2023"
268.0.0.18.72,366806391,"February 2, 2023"
268.0.0.18.72,366906009,"February 2, 2023"
268.0.0.18.72,366906145,"February 2, 2023"
267.0.0.18.93,366707821,"January 27, 2023"
267.0.0.18.93,366707824,"January 27, 2023"
267.0.0.18.93,366707825,"January 27, 2023"
267.0.0.18.93,366707831,"January 27, 2023"
267.0.0.18.93,366707832,"January 27, 2023"
267.0.0.18.93,366707857,"January 27, 2023"
267.0.0.18.93,366707860,"January 27, 2023"
267.0.0.18.93,366707861,"January 27, 2023"
267.0.0.18.93,366707862,"January 27, 2023"
267.0.0.18.93,366707866,"January 27, 2023"
267.0.0.18.93,366707867,"January 27, 2023"
267.0.0.18.93,366707871,"January 27, 2023"
267.0.0.18.93,366707874,"January 27, 2023"
267.0.0.18.93,366707875,"January 27, 2023"
267.0.0.18.93,366707876,"January 27, 2023"
267.0.0.18.93,366707877,"January 27, 2023"
267.0.0.18.93,366707878,"January 27, 2023"
267.0.0.18.93,366707880,"January 27, 2023"
267.0.0.18.93,366707881,"January 27, 2023"
267.0.0.18.93,366707882,"January 27, 2023"
267.0.0.18.93,366707883,"January 27, 2023"
267.0.0.18.93,366707884,"January 27, 2023"
267.0.0.18.93,366707885,"January 27, 2023"
267.0.0.18.93,366707886,"January 27, 2023"
267.0.0.18.93,366707887,"January 27, 2023"
266.0.0.19.106,366608636,"January 18, 2023"
266.0.0.19.106,366608640,"January 18, 2023"
266.0.0.19.106,366608641,"January 18, 2023"
266.0.0.19.106,366608642,"January 18, 2023"
266.0.0.19.106,366608646,"January 18, 2023"
266.0.0.19.106,366608647,"January 18, 2023"
266.0.0.19.106,366608678,"January 18, 2023"
266.0.0.19.106,366608682,"January 18, 2023"
266.0.0.19.106,366608683,"January 18, 2023"
266.0.0.19.106,366608687,"January 18, 2023"
266.0.0.19.106,366608690,"January 18, 2023"
266.0.0.19.106,366608691,"January 18, 2023"
266.0.0.19.106,366608692,"January 18, 2023"
266.0.0.19.106,366608693,"January 18, 2023"
266.0.0.19.106,366608694,"January 18, 2023"
266.0.0.19.106,366608696,"January 18, 2023"
266.0.0.19.106,366608697,"January 18, 2023"
266.0.0.19.106,366608698,"January 18, 2023"
266.0.0.19.106,366608699,"January 18, 2023"
266.0.0.19.106,366608700,"January 18, 2023"
266.0.0.19.106,366608701,"January 18, 2023"
266.0.0.19.106,366608702,"January 18, 2023"
266.0.0.19.106,366608703,"January 18, 2023"
265.0.0.19.301,366521840,"January 10, 2023"
265.0.0.19.301,366521841,"January 10, 2023"
265.0.0.19.301,366521847,"January 10, 2023"
265.0.0.19.301,366521876,"January 10, 2023"
265.0.0.19.301,366521878,"January 10, 2023"
265.0.0.19.301,366521883,"January 10, 2023"
265.0.0.19.301,366521887,"January 10, 2023"
265.0.0.19.301,366521890,"January 10, 2023"
265.0.0.19.301,366521891,"January 10, 2023"
265.0.0.19.301,366521892,"January 10, 2023"
265.0.0.19.301,366521893,"January 10, 2023"
265.0.0.19.301,366521894,"January 10, 2023"
265.0.0.19.301,366521896,"January 10, 2023"
265.0.0.19.301,366521897,"January 10, 2023"
265.0.0.19.301,366521898,"January 10, 2023"
265.0.0.19.301,366521899,"January 10, 2023"
265.0.0.19.301,366521900,"January 10, 2023"
265.0.0.19.301,366521901,"January 10, 2023"
265.0.0.19.301,366521902,"January 10, 2023"
265.0.0.19.301,366521903,"January 10, 2023"
265.0.0.19.301,366607368,"January 10, 2023"
265.0.0.19.301,366607504,"January 10, 2023"
265.0.0.19.301,366607505,"January 10, 2023"
265.0.0.19.301,366607776,"January 10, 2023"
265.0.0.19.301,366607777,"January 10, 2023"
265.0.0.19.301,366607980,"January 10, 2023"
265.0.0.19.301,366607981,"January 10, 2023"
265.0.0.19.301,366608116,"January 10, 2023"
265.0.0.19.301,366608117,"January 10, 2023"
264.0.0.22.106,366409643,"December 20, 2022"
264.0.0.22.106,366409646,"December 20, 2022"
264.0.0.22.106,366409647,"December 20, 2022"
264.0.0.22.106,366409648,"December 20, 2022"
264.0.0.22.106,366409682,"December 20, 2022"
264.0.0.22.106,366409683,"December 20, 2022"
264.0.0.22.106,366409684,"December 20, 2022"
264.0.0.22.106,366409688,"December 20, 2022"
264.0.0.22.106,366409689,"December 20, 2022"
264.0.0.22.106,366409693,"December 20, 2022"
264.0.0.22.106,366409696,"December 20, 2022"
264.0.0.22.106,366409697,"December 20, 2022"
264.0.0.22.106,366409698,"December 20, 2022"
264.0.0.22.106,366409699,"December 20, 2022"
264.0.0.22.106,366409700,"December 20, 2022"
264.0.0.22.106,366409702,"December 20, 2022"
264.0.0.22.106,366409703,"December 20, 2022"
264.0.0.22.106,366409704,"December 20, 2022"
264.0.0.22.106,366409705,"December 20, 2022"
264.0.0.22.106,366409706,"December 20, 2022"
264.0.0.22.106,366409707,"December 20, 2022"
264.0.0.22.106,366409708,"December 20, 2022"
264.0.0.22.106,366409709,"December 20, 2022"
